{
	"class_name" : "PinholeCameraParameters",
	"extrinsic" : 
	[
		0.19921442415396359,
		-0.96209951026083407,
		-0.18622069048542422,
		0.0,
		-0.27397228214261826,
		-0.23713267853135137,
		0.93204467778648492,
		0.0,
		-0.94087873917236031,
		-0.13465743621653531,
		-0.31082884847616615,
		0.0,
		1.941322821572895,
		0.85041631561170461,
		5.0193330645000724,
		1.0
	],
	"intrinsic" : 
	{
		"height" : 1080,
		"intrinsic_matrix" : 
		[
			935.30743608719399,
			0.0,
			0.0,
			0.0,
			935.30743608719399,
			0.0,
			949.5,
			539.5,
			1.0
		],
		"width" : 1900
	},
	"version_major" : 1,
	"version_minor" : 0
}